Date,Month,Orders,Sales,Profit
2025-01-01,Jan,80,39168.48,8359.63
2025-01-02,Jan,95,54656.12,10591.02
2025-01-03,Jan,75,44142.82,7819.76
2025-01-04,Jan,99,60431.39,11094.74
2025-01-05,Jan,82,52847.56,7275.52
2025-01-06,Jan,80,36748.07,9118.24
2025-01-07,Jan,90,46887.56,6363.06
2025-01-08,Jan,103,53641.31,12283.44
2025-01-09,Jan,93,47721.54,11300.33
2025-01-10,Jan,86,40811.44,8304.17
2025-01-11,Jan,85,35360.91,9028.59
2025-01-12,Jan,82,43171.98,6578.94
2025-01-13,Jan,82,38229.64,9889.67
2025-01-14,Jan,70,36821.37,8516.56
2025-01-15,Jan,84,39011.02,9509.91
2025-01-16,Jan,88,38986.1,8562.3
2025-01-17,Jan,75,40230.07,10151.73
2025-01-18,Jan,85,45097.98,12571.41
2025-01-19,Jan,65,36435.73,6399.18
2025-01-20,Jan,68,45764.71,11281.22
2025-01-21,Jan,87,46928.69,10982.46
2025-01-22,Jan,86,47640.19,8647.49
2025-01-23,Jan,77,34231.94,9134.82
2025-01-24,Jan,88,37832.65,6469.26
2025-01-25,Jan,104,65603.0,13237.63
2025-01-26,Jan,71,32330.31,3849.56
2025-01-27,Jan,83,37094.68,5216.98
2025-01-28,Jan,82,42415.57,10660.11
2025-01-29,Jan,86,44177.04,7571.04
2025-01-30,Jan,80,36545.96,6246.99
2025-01-31,Jan,89,44380.02,6403.0
2025-02-01,Feb,78,47272.39,8910.37
2025-02-02,Feb,76,35232.11,8633.52
2025-02-03,Feb,85,35907.65,9376.55
2025-02-04,Feb,85,49808.43,5609.46
2025-02-05,Feb,84,46574.71,9476.45
2025-02-06,Feb,68,32406.33,5966.3
2025-02-07,Feb,78,31921.37,6721.71
2025-02-08,Feb,84,39301.61,7094.32
2025-02-09,Feb,84,43358.34,7447.06
2025-02-10,Feb,94,56550.12,10458.3
2025-02-11,Feb,93,41611.85,8520.44
2025-02-12,Feb,88,45239.36,8603.48
2025-02-13,Feb,88,49918.89,9234.3
2025-02-14,Feb,89,31444.7,7773.46
2025-02-15,Feb,107,63383.06,14845.37
2025-02-16,Feb,83,36289.96,5858.95
2025-02-17,Feb,85,46175.37,11271.59
2025-02-18,Feb,84,45130.5,11447.67
2025-02-19,Feb,92,54824.74,6997.2
2025-02-20,Feb,77,43009.48,8811.9
2025-02-21,Feb,79,27933.58,4227.92
2025-02-22,Feb,106,49296.94,11488.7
2025-02-23,Feb,76,40255.25,5755.75
2025-02-24,Feb,86,43546.22,9617.3
2025-02-25,Feb,92,50915.81,7429.76
2025-02-26,Feb,76,43719.43,8394.39
2025-02-27,Feb,84,47257.7,12795.32
2025-02-28,Feb,79,39895.06,6727.72
2025-03-01,Mar,73,28525.22,7349.04
2025-03-02,Mar,90,43930.47,12197.3
2025-03-03,Mar,84,46128.24,11876.78
2025-03-04,Mar,92,40817.52,5300.4
2025-03-05,Mar,84,47391.9,11731.32
2025-03-06,Mar,78,45519.83,4815.4
2025-03-07,Mar,76,40194.93,6865.07
2025-03-08,Mar,82,25053.9,6432.14
2025-03-09,Mar,92,39609.11,8871.47
2025-03-10,Mar,79,51510.63,10090.59
2025-03-11,Mar,83,39984.62,6790.01
2025-03-12,Mar,82,31251.02,7694.42
2025-03-13,Mar,85,51549.72,11738.93
2025-03-14,Mar,88,45842.27,8449.32
2025-03-15,Mar,99,59137.24,15413.95
2025-03-16,Mar,84,45308.52,6406.2
2025-03-17,Mar,85,46928.43,6132.16
2025-03-18,Mar,87,47450.73,10235.34
2025-03-19,Mar,95,54038.3,14858.32
2025-03-20,Mar,77,52315.35,7559.89
2025-03-21,Mar,96,56445.16,8181.2
2025-03-22,Mar,80,32750.1,4097.36
2025-03-23,Mar,79,43550.04,11100.97
2025-03-24,Mar,102,61190.17,8612.61
2025-03-25,Mar,86,51960.26,9902.18
2025-03-26,Mar,75,36760.32,10232.49
2025-03-27,Mar,82,49326.78,5040.47
2025-03-28,Mar,90,52644.78,10537.77
2025-03-29,Mar,76,53205.79,10226.79
2025-03-30,Mar,79,36932.49,9061.04
2025-03-31,Mar,74,35851.67,5877.91
2025-04-01,Apr,94,46865.74,8148.15
2025-04-02,Apr,79,38369.07,4996.76
2025-04-03,Apr,83,37988.98,8864.6
2025-04-04,Apr,92,30048.37,7249.1
2025-04-05,Apr,82,40144.83,5002.02
2025-04-06,Apr,77,42030.84,7179.8
2025-04-07,Apr,62,30099.42,7847.61
2025-04-08,Apr,85,55715.52,5598.7
2025-04-09,Apr,71,36986.48,5687.66
2025-04-10,Apr,92,56154.23,11225.66
2025-04-11,Apr,76,40910.76,6551.32
2025-04-12,Apr,83,47961.43,7144.72
2025-04-13,Apr,96,51796.5,9468.75
2025-04-14,Apr,83,51112.64,6781.33
2025-04-15,Apr,100,52391.58,10233.78
2025-04-16,Apr,91,50480.29,11469.39
2025-04-17,Apr,72,39286.32,7996.85
2025-04-18,Apr,77,38486.14,4493.63
2025-04-19,Apr,84,46061.3,11607.15
2025-04-20,Apr,93,62905.85,8271.87
2025-04-21,Apr,79,39584.7,9407.94
2025-04-22,Apr,82,45047.73,7428.45
2025-04-23,Apr,95,57764.23,13915.23
2025-04-24,Apr,61,36588.88,5017.4
2025-04-25,Apr,89,46352.99,6192.72
2025-04-26,Apr,95,33550.47,6356.63
2025-04-27,Apr,77,42825.03,4536.39
2025-04-28,Apr,96,35005.13,4920.09
2025-04-29,Apr,88,54814.81,12625.07
2025-04-30,Apr,73,38826.01,9734.81
2025-05-01,May,102,60177.67,6892.83
2025-05-02,May,83,37918.73,9812.38
2025-05-03,May,86,35373.91,8615.43
2025-05-04,May,94,50595.76,12980.0
2025-05-05,May,79,40894.17,9230.52
2025-05-06,May,78,37876.19,8383.8
2025-05-07,May,85,44703.73,8695.63
2025-05-08,May,82,58525.08,12729.3
2025-05-09,May,99,57263.26,15199.94
2025-05-10,May,91,54005.31,6377.7
2025-05-11,May,86,49800.5,7810.59
2025-05-12,May,88,54873.49,6203.0
2025-05-13,May,83,42055.68,11357.76
2025-05-14,May,79,29717.17,5353.48
2025-05-15,May,82,41557.52,9207.57
2025-05-16,May,97,55951.69,14066.35
2025-05-17,May,92,41594.49,11579.08
2025-05-18,May,88,44673.59,5768.29
2025-05-19,May,94,44328.16,10812.18
2025-05-20,May,77,48135.94,12502.64
2025-05-21,May,87,49804.19,5418.57
2025-05-22,May,67,37895.73,8933.4
2025-05-23,May,96,54097.16,8863.85
2025-05-24,May,82,42426.19,9195.77
2025-05-25,May,78,41638.66,8016.64
2025-05-26,May,77,33651.86,4938.53
2025-05-27,May,93,34126.26,4243.25
2025-05-28,May,78,41379.44,5009.0
2025-05-29,May,88,47755.78,5663.75
2025-05-30,May,86,51999.77,11169.67
2025-05-31,May,84,52919.45,8639.31
2025-06-01,Jun,77,48502.29,6741.53
2025-06-02,Jun,94,42313.0,9500.93
2025-06-03,Jun,87,43094.71,9637.4
2025-06-04,Jun,100,55362.34,10909.17
2025-06-05,Jun,75,52292.5,14029.68
2025-06-06,Jun,71,44276.09,7499.24
2025-06-07,Jun,69,41286.69,10340.47
2025-06-08,Jun,94,46328.36,5259.43
2025-06-09,Jun,92,42152.19,9828.61
2025-06-10,Jun,97,55796.68,15507.04
2025-06-11,Jun,85,37651.07,9502.67
2025-06-12,Jun,84,42277.99,8639.07
2025-06-13,Jun,84,43005.11,9152.26
2025-06-14,Jun,93,58729.86,9607.74
2025-06-15,Jun,75,37137.84,8256.01
2025-06-16,Jun,95,33178.99,7918.87
2025-06-17,Jun,90,49978.0,13977.9
2025-06-18,Jun,70,32974.79,6220.47
2025-06-19,Jun,80,41838.73,4645.55
2025-06-20,Jun,80,41114.45,8521.15
2025-06-21,Jun,79,39566.42,4804.33
2025-06-22,Jun,88,50628.5,7293.43
2025-06-23,Jun,88,36317.55,5781.04
2025-06-24,Jun,90,43542.81,10083.88
2025-06-25,Jun,90,51109.44,6801.92
2025-06-26,Jun,84,40069.18,5202.4
2025-06-27,Jun,71,28924.23,3126.52
2025-06-28,Jun,83,47044.31,12099.01
2025-06-29,Jun,78,46692.1,10497.83
2025-06-30,Jun,86,44449.13,4764.52
2025-07-01,Jul,84,32150.23,3378.75
2025-07-02,Jul,88,50108.77,10049.88
2025-07-03,Jul,85,34323.67,5177.94
2025-07-04,Jul,88,47662.2,9885.65
2025-07-05,Jul,69,31593.55,5630.88
2025-07-06,Jul,84,36860.14,9812.03
2025-07-07,Jul,85,41570.64,6310.66
2025-07-08,Jul,108,54774.27,12173.37
2025-07-09,Jul,76,36092.81,3960.46
2025-07-10,Jul,71,39845.86,10840.26
2025-07-11,Jul,83,40568.34,11218.62
2025-07-12,Jul,91,53563.82,12482.16
2025-07-13,Jul,87,46952.34,8626.94
2025-07-14,Jul,103,48530.61,6774.82
2025-07-15,Jul,88,40425.81,9954.97
2025-07-16,Jul,89,36016.1,8375.32
2025-07-17,Jul,92,49712.32,6957.33
2025-07-18,Jul,99,49022.71,8883.83
2025-07-19,Jul,92,32563.06,5968.93
2025-07-20,Jul,79,38117.5,9481.88
2025-07-21,Jul,79,36097.28,8053.02
2025-07-22,Jul,86,54205.58,11695.95
2025-07-23,Jul,77,30862.02,6696.1
2025-07-24,Jul,95,39815.02,5919.88
2025-07-25,Jul,93,55585.9,9277.73
2025-07-26,Jul,80,49197.87,5324.15
2025-07-27,Jul,86,40235.2,9722.81
2025-07-28,Jul,88,41866.35,7449.68
2025-07-29,Jul,92,51808.56,9267.67
2025-07-30,Jul,81,28925.34,4170.0
2025-07-31,Jul,76,29618.45,4078.37
2025-08-01,Aug,84,42029.29,8649.96
2025-08-02,Aug,92,57821.3,8202.5
2025-08-03,Aug,76,37201.92,4150.16
2025-08-04,Aug,79,41638.18,9916.19
2025-08-05,Aug,67,40157.47,6737.0
2025-08-06,Aug,75,50061.14,8432.42
2025-08-07,Aug,84,40288.13,7156.67
2025-08-08,Aug,69,35798.68,8831.82
2025-08-09,Aug,98,63459.3,10010.75
2025-08-10,Aug,76,31421.9,7429.6
2025-08-11,Aug,86,50906.04,13699.74
2025-08-12,Aug,77,34551.28,7565.22
2025-08-13,Aug,91,47972.75,8524.88
2025-08-14,Aug,105,52816.75,12390.92
2025-08-15,Aug,80,36235.14,6610.07
2025-08-16,Aug,81,36545.81,6380.79
2025-08-17,Aug,65,35057.69,6820.51
2025-08-18,Aug,91,53661.59,8435.07
2025-08-19,Aug,83,42406.23,5036.38
2025-08-20,Aug,88,46191.9,8068.49
2025-08-21,Aug,94,52638.33,6437.36
2025-08-22,Aug,72,32543.04,5658.57
2025-08-23,Aug,88,50316.51,10075.78
2025-08-24,Aug,64,36950.66,9885.34
2025-08-25,Aug,84,58989.32,6283.54
2025-08-26,Aug,76,37519.13,7948.9
2025-08-27,Aug,100,48793.43,8899.55
2025-08-28,Aug,101,57956.59,6007.03
2025-08-29,Aug,100,57733.73,8366.7
2025-08-30,Aug,70,33778.07,4098.2
2025-08-31,Aug,88,43276.52,6016.43
2025-09-01,Sep,83,46303.97,6918.86
2025-09-02,Sep,75,34655.18,5968.84
2025-09-03,Sep,69,33897.12,6617.64
2025-09-04,Sep,95,49995.79,5008.49
2025-09-05,Sep,85,50125.84,6473.07
2025-09-06,Sep,82,39169.6,4576.65
2025-09-07,Sep,77,30109.55,5990.03
2025-09-08,Sep,103,39741.33,6328.15
2025-09-09,Sep,77,33251.76,6607.51
2025-09-10,Sep,82,35102.42,4911.82
2025-09-11,Sep,78,39715.83,4144.8
2025-09-12,Sep,101,44114.62,11886.51
2025-09-13,Sep,75,35310.54,4219.45
2025-09-14,Sep,89,41457.44,5092.41
2025-09-15,Sep,69,33752.35,4265.57
2025-09-16,Sep,92,56356.93,15590.0
2025-09-17,Sep,81,45873.24,9687.46
2025-09-18,Sep,85,44295.97,9295.61
2025-09-19,Sep,84,40969.17,11373.27
2025-09-20,Sep,89,43580.96,5051.86
2025-09-21,Sep,97,52665.4,14504.59
2025-09-22,Sep,74,41506.0,5674.8
2025-09-23,Sep,90,41082.01,8715.67
2025-09-24,Sep,79,41281.74,7249.69
2025-09-25,Sep,83,31356.29,5302.7
2025-09-26,Sep,85,45459.7,12166.1
2025-09-27,Sep,82,47014.74,5964.34
2025-09-28,Sep,72,36028.45,10068.96
2025-09-29,Sep,78,50478.24,8492.59
2025-09-30,Sep,82,37581.69,8146.94
2025-10-01,Oct,82,43888.11,12035.14
2025-10-02,Oct,87,45021.83,4968.98
2025-10-03,Oct,85,43603.23,11603.5
2025-10-04,Oct,83,42495.79,8592.91
2025-10-05,Oct,92,48529.76,11006.13
2025-10-06,Oct,93,53880.21,6834.87
2025-10-07,Oct,86,53013.97,10391.25
2025-10-08,Oct,95,49385.04,10925.57
2025-10-09,Oct,84,48474.06,8828.31
2025-10-10,Oct,79,37199.23,4757.68
2025-10-11,Oct,71,40726.8,5862.27
2025-10-12,Oct,101,47132.72,11961.85
2025-10-13,Oct,112,66790.77,7093.5
2025-10-14,Oct,85,57353.31,13053.34
2025-10-15,Oct,84,42962.15,12024.69
2025-10-16,Oct,96,35186.11,3566.0
2025-10-17,Oct,76,36604.25,4721.52
2025-10-18,Oct,77,46679.81,10332.39
2025-10-19,Oct,76,42462.37,4704.76
2025-10-20,Oct,79,42456.49,8752.92
2025-10-21,Oct,81,47839.15,10673.87
2025-10-22,Oct,84,46528.59,9578.67
2025-10-23,Oct,95,57497.87,9529.31
2025-10-24,Oct,81,47333.13,10674.13
2025-10-25,Oct,85,53254.12,11022.16
2025-10-26,Oct,78,42519.03,5841.04
2025-10-27,Oct,74,43169.24,8692.75
2025-10-28,Oct,102,50847.11,13156.35
2025-10-29,Oct,90,43010.8,9463.67
2025-10-30,Oct,75,47960.53,8868.98
2025-10-31,Oct,86,46021.55,7266.12
2025-11-01,Nov,88,50718.06,5855.88
2025-11-02,Nov,101,53394.84,7690.61
2025-11-03,Nov,63,30173.47,3078.1
2025-11-04,Nov,78,40619.97,11275.81
2025-11-05,Nov,76,47159.49,6604.54
2025-11-06,Nov,82,45827.08,11304.52
2025-11-07,Nov,80,32015.75,4173.45
2025-11-08,Nov,101,50998.22,7703.19
2025-11-09,Nov,86,55449.41,9719.72
2025-11-10,Nov,92,46463.15,7359.44
2025-11-11,Nov,83,32699.22,7968.9
2025-11-12,Nov,94,61336.26,16707.07
2025-11-13,Nov,101,57344.52,14769.25
2025-11-14,Nov,71,36572.04,4668.2
2025-11-15,Nov,93,45942.07,11017.09
2025-11-16,Nov,96,57193.4,7242.43
2025-11-17,Nov,79,38082.83,10069.43
2025-11-18,Nov,64,38424.19,7424.25
2025-11-19,Nov,79,44078.34,7076.72
2025-11-20,Nov,83,44581.6,5718.24
2025-11-21,Nov,79,41884.7,4277.5
2025-11-22,Nov,83,42143.44,6095.23
2025-11-23,Nov,85,50421.56,13337.69
2025-11-24,Nov,78,35835.23,8726.14
2025-11-25,Nov,75,30484.89,8370.02
2025-11-26,Nov,87,48981.94,5786.58
2025-11-27,Nov,94,53033.55,10956.32
2025-11-28,Nov,74,40967.65,5993.04
2025-11-29,Nov,75,41140.57,8134.7
2025-11-30,Nov,87,43287.91,6825.72
2025-12-01,Dec,101,58087.5,8772.59
2025-12-02,Dec,87,44962.55,9140.53
2025-12-03,Dec,67,32555.44,4329.78
2025-12-04,Dec,94,46827.76,8637.1
2025-12-05,Dec,85,56222.81,12208.57
2025-12-06,Dec,89,35471.1,4365.53
2025-12-07,Dec,76,42178.87,11283.14
2025-12-08,Dec,87,35014.22,6688.78
2025-12-09,Dec,83,42531.16,10527.1
2025-12-10,Dec,84,41130.27,8954.18
2025-12-11,Dec,84,31420.03,7157.49
2025-12-12,Dec,71,38853.52,8893.71
2025-12-13,Dec,80,39471.79,10164.7
2025-12-14,Dec,84,31336.67,6594.77
2025-12-15,Dec,78,45144.04,6775.18
2025-12-16,Dec,68,42190.63,4974.77
2025-12-17,Dec,89,55563.47,11619.72
2025-12-18,Dec,89,48516.3,5431.08
2025-12-19,Dec,104,54415.3,7804.94
2025-12-20,Dec,97,59458.18,6595.53
2025-12-21,Dec,80,51021.35,10143.03
2025-12-22,Dec,86,51544.08,6642.01
2025-12-23,Dec,68,30878.28,6480.53
2025-12-24,Dec,78,41659.34,10096.38
2025-12-25,Dec,76,41858.23,10378.27
2025-12-26,Dec,88,34612.76,5389.82
2025-12-27,Dec,81,44781.27,8903.05
2025-12-28,Dec,92,62478.07,12579.46
2025-12-29,Dec,87,49137.21,9096.27
2025-12-30,Dec,85,52966.81,11542.55
2025-12-31,Dec,93,49550.77,6828.87
